id;transport_number;transport_start_date;estimated_end_date;actual_end_date
1;Iowa;2020-10-27T19:35:30;2020-10-27T05:36:22;2020-10-27T08:21:53
2;Response UIC-Franc;2020-10-27T16:28:14;2020-10-27T10:14:57;2020-10-27T08:20:32
3;Refined Cotton Chair;2020-10-27T16:40:41;2020-10-27T08:05:23;2020-10-27T13:50:30
4;Parks European Unit of Account 9(E.U.A.-9);2020-10-27T13:26:42;2020-10-27T19:38:30;2020-10-27T16:30:06
5;intermediate Security Indian Rupee;2020-10-27T01:18:20;2020-10-27T20:06:08;2020-10-27T20:37:16
6;payment Strategist;2020-10-27T05:19:44;2020-10-27T14:11:05;2020-10-27T04:51:10
7;Practical synergize Senior;2020-10-27T00:55:11;2020-10-27T16:50:08;2020-10-27T03:17:24
8;FTP invoice;2020-10-27T11:28:30;2020-10-27T19:17:18;2020-10-27T10:42:56
9;Human;2020-10-27T07:33:56;2020-10-27T07:39:27;2020-10-27T08:41:48
10;Coordinator;2020-10-27T20:52:52;2020-10-26T21:56:22;2020-10-27T01:58:56
